<?xml version="1.0"?>
<metadata xml:lang="en"><Esri><CreaDate>20110712</CreaDate><CreaTime>12472300</CreaTime><SyncOnce>FALSE</SyncOnce><SyncDate>20110707</SyncDate><SyncTime>09140600</SyncTime><ModDate>20110707</ModDate><ModTime>09144500</ModTime><MetaID>{486E189D-6157-4283-8A2F-22AA26CA8EDD}</MetaID></Esri><idinfo><native Sync="TRUE">Microsoft Windows XP Version 5.1 (Build 2600) Service Pack 3; ESRI ArcCatalog 9.3.1.4000</native><descript><langdata Sync="TRUE">en</langdata><abstract>These data represent the boundaries of the proposed Wilderness Additions of the Rocky Mountain Front Heritage Act, and have been intersected (identity command) with Forest/Ranger District boundaries.

This feature class will be the active feature class that will be edited as the 2011 version of the proposal progresses.</abstract><purpose>REQUIRED: A summary of the intentions with which the data set was developed.</purpose></descript><citation><citeinfo><origin>REQUIRED: The name of an organization or individual that developed the data set.</origin><pubdate>REQUIRED: The date when the data set is published or otherwise made available for release.</pubdate><title Sync="TRUE">WildernessAdditions_RD_identity</title><ftname Sync="TRUE">WildernessAdditions_RD_identity</ftname><geoform Sync="TRUE">vector digital data</geoform><onlink Sync="TRUE"></onlink></citeinfo></citation><timeperd><current>REQUIRED: The basis on which the time period of content information is determined.</current><timeinfo><sngdate><caldate>REQUIRED: The year (and optionally month, or month and day) for which the data set corresponds to the ground.</caldate></sngdate></timeinfo></timeperd><status><progress>REQUIRED: The state of the data set.</progress><update>REQUIRED: The frequency with which changes and additions are made to the data set after the initial data set is completed.</update></status><spdom><bounding><westbc Sync="TRUE">-112.976265</westbc><eastbc Sync="TRUE">-112.467255</eastbc><northbc Sync="TRUE">47.991585</northbc><southbc Sync="TRUE">47.082887</southbc></bounding><lboundng><leftbc Sync="TRUE">340682.134000</leftbc><rightbc Sync="TRUE">374915.075600</rightbc><bottombc Sync="TRUE">320445.466200</bottombc><topbc Sync="TRUE">420097.447600</topbc></lboundng></spdom><keywords><theme><themekt>REQUIRED: Reference to a formally registered thesaurus or a similar authoritative source of theme keywords.</themekt><themekey>REQUIRED: Common-use word or phrase used to describe the subject of the data set.</themekey></theme></keywords><accconst>REQUIRED: Restrictions and legal prerequisites for accessing the data set.</accconst><useconst>REQUIRED: Restrictions and legal prerequisites for using the data set after access is granted.</useconst><natvform Sync="TRUE">File Geodatabase Feature Class</natvform><ptcontac><cntinfo><cntperp><cntper>Will Pedde</cntper><cntorg>USFS</cntorg></cntperp><cntvoice>406-329-3204</cntvoice><cntemail>wpedde@fs.fed.us</cntemail></cntinfo></ptcontac></idinfo><dataIdInfo><envirDesc Sync="TRUE">Microsoft Windows XP Version 5.1 (Build 2600) Service Pack 3; ESRI ArcCatalog 9.3.1.4000</envirDesc><dataLang><languageCode Sync="TRUE" value="en"></languageCode></dataLang><idCitation><resTitle Sync="TRUE">WildernessAdditions_RD_identity</resTitle></idCitation><dataExt><geoEle><GeoBndBox esriExtentType="native"><westBL Sync="TRUE">340682.134</westBL><eastBL Sync="TRUE">374915.0756</eastBL><northBL Sync="TRUE">420097.4476</northBL><southBL Sync="TRUE">320445.4662</southBL><exTypeCode Sync="TRUE">1</exTypeCode></GeoBndBox></geoEle></dataExt><geoBox esriExtentType="decdegrees"><westBL Sync="TRUE">-112.976265</westBL><eastBL Sync="TRUE">-112.467255</eastBL><northBL Sync="TRUE">47.991585</northBL><southBL Sync="TRUE">47.082887</southBL><exTypeCode Sync="TRUE">1</exTypeCode></geoBox></dataIdInfo><metainfo><langmeta Sync="TRUE">en</langmeta><metstdn Sync="TRUE">FGDC Content Standards for Digital Geospatial Metadata</metstdn><metstdv Sync="TRUE">FGDC-STD-001-1998</metstdv><mettc Sync="TRUE">local time</mettc><metc><cntinfo><cntorgp><cntper>REQUIRED: The person responsible for the metadata information.</cntper><cntorg>REQUIRED: The organization responsible for the metadata information.</cntorg></cntorgp><cntaddr><addrtype>REQUIRED: The mailing and/or physical address for the organization or individual.</addrtype><city>REQUIRED: The city of the address.</city><state>REQUIRED: The state or province of the address.</state><postal>REQUIRED: The ZIP or other postal code of the address.</postal></cntaddr><cntvoice>REQUIRED: The telephone number by which individuals can speak to the organization or individual.</cntvoice></cntinfo></metc><metd Sync="TRUE">20110707</metd><metextns><onlink Sync="TRUE">http://www.esri.com/metadata/esriprof80.html</onlink><metprof Sync="TRUE">ESRI Metadata Profile</metprof></metextns></metainfo><mdLang><languageCode Sync="TRUE" value="en"></languageCode></mdLang><mdStanName Sync="TRUE">ISO 19115 Geographic Information - Metadata</mdStanName><mdStanVer Sync="TRUE">DIS_ESRI1.0</mdStanVer><mdChar><CharSetCd Sync="TRUE" value="004"></CharSetCd></mdChar><mdHrLv><ScopeCd Sync="TRUE" value="005"></ScopeCd></mdHrLv><mdHrLvName Sync="TRUE">dataset</mdHrLvName><distinfo><resdesc>Internal Data. Not for public distribution.</resdesc></distinfo><distInfo><distributor><distorTran><onLineSrc><orDesc Sync="TRUE">002</orDesc><linkage Sync="TRUE">file://</linkage><protocol Sync="TRUE">Local Area Network</protocol></onLineSrc></distorTran><distorFormat><formatName Sync="TRUE">File Geodatabase Feature Class</formatName></distorFormat></distributor></distInfo><spdoinfo><direct Sync="TRUE">Vector</direct><ptvctinf><esriterm Name="WildernessAdditions_RD_identity"><efeatyp Sync="TRUE">Simple</efeatyp><efeageom Sync="TRUE">Polygon</efeageom><esritopo Sync="TRUE">FALSE</esritopo><efeacnt Sync="TRUE">7</efeacnt><spindex Sync="TRUE">TRUE</spindex><linrefer Sync="TRUE">FALSE</linrefer></esriterm><sdtsterm Name="WildernessAdditions_RD_identity"><sdtstype Sync="TRUE">G-polygon</sdtstype><ptvctcnt Sync="TRUE">7</ptvctcnt></sdtsterm></ptvctinf></spdoinfo><spref><horizsys><cordsysn><geogcsn Sync="TRUE">GCS_North_American_1983</geogcsn><projcsn Sync="TRUE">NAD_1983_Lambert_Conformal_Conic</projcsn></cordsysn><planar><planci><plance Sync="TRUE">coordinate pair</plance><plandu Sync="TRUE">meters</plandu><coordrep><absres Sync="TRUE">0.000100</absres><ordres Sync="TRUE">0.000100</ordres></coordrep></planci><mapproj><mapprojn Sync="TRUE">Lambert Conformal Conic</mapprojn><lambertc><stdparll Sync="TRUE">45.000000</stdparll><stdparll Sync="TRUE">49.000000</stdparll><longcm Sync="TRUE">-109.500000</longcm><latprjo Sync="TRUE">44.250000</latprjo><feast Sync="TRUE">600000.000000</feast><fnorth Sync="TRUE">0.000000</fnorth></lambertc></mapproj></planar><geodetic><horizdn Sync="TRUE">North American Datum of 1983</horizdn><ellips Sync="TRUE">Geodetic Reference System 80</ellips><semiaxis Sync="TRUE">6378137.000000</semiaxis><denflat Sync="TRUE">298.257222</denflat></geodetic></horizsys></spref><refSysInfo><RefSystem><refSysID><identCode Sync="TRUE">NAD_1983_Lambert_Conformal_Conic</identCode></refSysID></RefSystem></refSysInfo><spatRepInfo><VectSpatRep><topLvl><TopoLevCd Sync="TRUE" value="001"></TopoLevCd></topLvl><geometObjs Name="WildernessAdditions_RD_identity"><geoObjTyp><GeoObjTypCd Sync="TRUE" value="001"></GeoObjTypCd></geoObjTyp><geoObjCnt Sync="TRUE">7</geoObjCnt></geometObjs></VectSpatRep></spatRepInfo><eainfo><detailed Name="WildernessAdditions_RD_identity"><enttyp><enttypl Sync="TRUE">WildernessAdditions_RD_identity</enttypl><enttypt Sync="TRUE">Feature Class</enttypt><enttypc Sync="TRUE">7</enttypc></enttyp><attr><attrlabl Sync="TRUE">OBJECTID</attrlabl><attalias Sync="TRUE">OBJECTID</attalias><attrtype Sync="TRUE">OID</attrtype><attwidth Sync="TRUE">4</attwidth><atprecis Sync="TRUE">0</atprecis><attscale Sync="TRUE">0</attscale><attrdef Sync="TRUE">Internal feature number.</attrdef><attrdefs Sync="TRUE">ESRI</attrdefs><attrdomv><udom Sync="TRUE">Sequential unique whole numbers that are automatically generated.</udom></attrdomv></attr><attr><attrlabl Sync="TRUE">SHAPE</attrlabl><attalias Sync="TRUE">SHAPE</attalias><attrtype Sync="TRUE">Geometry</attrtype><attwidth Sync="TRUE">0</attwidth><atprecis Sync="TRUE">0</atprecis><attscale Sync="TRUE">0</attscale><attrdef Sync="TRUE">Feature geometry.</attrdef><attrdefs Sync="TRUE">ESRI</attrdefs><attrdomv><udom Sync="TRUE">Coordinates defining the features.</udom></attrdomv></attr><attr><attrlabl Sync="TRUE">Acres</attrlabl><attalias Sync="TRUE">Acres</attalias><attrtype Sync="TRUE">Double</attrtype><attwidth Sync="TRUE">8</attwidth><atprecis Sync="TRUE">0</atprecis><attscale Sync="TRUE">0</attscale></attr><attr><attrlabl Sync="TRUE">AreaName</attrlabl><attalias Sync="TRUE">AreaName</attalias><attrtype Sync="TRUE">String</attrtype><attwidth Sync="TRUE">50</attwidth><atprecis Sync="TRUE">0</atprecis><attscale Sync="TRUE">0</attscale></attr><attr><attrlabl Sync="TRUE">ForestName</attrlabl><attalias Sync="TRUE">ForestName</attalias><attrtype Sync="TRUE">String</attrtype><attwidth Sync="TRUE">80</attwidth><atprecis Sync="TRUE">0</atprecis><attscale Sync="TRUE">0</attscale></attr><attr><attrlabl Sync="TRUE">DistrictNumber</attrlabl><attalias Sync="TRUE">DistrictNumber</attalias><attrtype Sync="TRUE">String</attrtype><attwidth Sync="TRUE">2</attwidth><atprecis Sync="TRUE">0</atprecis><attscale Sync="TRUE">0</attscale></attr><attr><attrlabl Sync="TRUE">DistrictName</attrlabl><attalias Sync="TRUE">DistrictName</attalias><attrtype Sync="TRUE">String</attrtype><attwidth Sync="TRUE">80</attwidth><atprecis Sync="TRUE">0</atprecis><attscale Sync="TRUE">0</attscale></attr><attr><attrlabl Sync="TRUE">AdditionToExitsingWilderness</attrlabl><attalias Sync="TRUE">AdditionToExitsingWilderness</attalias><attrtype Sync="TRUE">String</attrtype><attwidth Sync="TRUE">30</attwidth><atprecis Sync="TRUE">0</atprecis><attscale Sync="TRUE">0</attscale></attr><attr><attrlabl Sync="TRUE">SHAPE_Length</attrlabl><attalias Sync="TRUE">SHAPE_Length</attalias><attrtype Sync="TRUE">Double</attrtype><attwidth Sync="TRUE">8</attwidth><atprecis Sync="TRUE">0</atprecis><attscale Sync="TRUE">0</attscale><attrdef Sync="TRUE">Length of feature in internal units.</attrdef><attrdefs Sync="TRUE">ESRI</attrdefs><attrdomv><udom Sync="TRUE">Positive real numbers that are automatically generated.</udom></attrdomv></attr><attr><attrlabl Sync="TRUE">SHAPE_Area</attrlabl><attalias Sync="TRUE">SHAPE_Area</attalias><attrtype Sync="TRUE">Double</attrtype><attwidth Sync="TRUE">8</attwidth><atprecis Sync="TRUE">0</atprecis><attscale Sync="TRUE">0</attscale><attrdef Sync="TRUE">Area of feature in internal units squared.</attrdef><attrdefs Sync="TRUE">ESRI</attrdefs><attrdomv><udom Sync="TRUE">Positive real numbers that are automatically generated.</udom></attrdomv></attr></detailed></eainfo><mdDateSt Sync="TRUE">20110707</mdDateSt><dataqual><lineage><procstep><procdesc>Performed Identity Geoprocessing Command to create this Feature Class using C:\alp\Projects\LegislativeMaps\RockyMtnFront\Data\InternalData\RockyMountainFrontHeritageAct.gdb\WildernessAdditions_Original and C:\alp\Projects\RegionWideData\R1Alp_OwnershipAndBoundaries.gdb\RangerDistricts. Recalculated Acres by Ranger District after the Identity.</procdesc><procdate>06/16/2011</procdate><proctime>00:00</proctime><proccont><cntinfo><cntperp><cntper>Will Pedde</cntper></cntperp></cntinfo></proccont></procstep><procstep><procdesc>The proposed Silver King / Falls Creek Wilderness Addition/CMA boundary in the vicinity of Steamboat Mountain (near 112°35'27.267"W  47°17'24.1"N) was modified and pulled to the south to be coincident to the ridge top and the Cyanide Creek Grazing Allotment boundary. This edit was performed per Jennifer Ferenstein's request.</procdesc><procdate>06/23/2011</procdate><proctime>00:00</proctime><proccont><cntinfo><cntperp><cntper>Will Pedde</cntper></cntperp></cntinfo></proccont></procstep><procstep><procdesc>The proposed Patrick’s Basin Wilderness Addition/CMA boundary in the vicinity of Straight Creek east of Honeymoon Basin (near 112°51'54.853"W  47°27'33.172"N) was modified and pulled to the west  to be coincident with Straight Creek  and the western boundary of the Willow Creek Grazing Allotment boundary. This edit was performed per Jennifer Ferenstein’s request.</procdesc><procdate>06/24/2011</procdate><proctime>00:00</proctime><proccont><cntinfo><cntperp><cntper>Will Pedde</cntper></cntperp></cntinfo></proccont></procstep><procstep><procdesc>Acres recalculated after boundary modifications.</procdesc><procdate>06/24/2011</procdate><proctime>00:00</proctime><proccont><cntinfo><cntperp><cntper>Will Pedde</cntper></cntperp></cntinfo></proccont></procstep><procstep><procdesc>The proposed Patrick’s Basin Wilderness Addition/CMA boundary in the vicinity of Beaver Creek (near 112°45'51.106"W  47°34'48.12"N) was modified and pulled to the west  to be coincident with the ridge of Allan Mountain and the western edge of the Beaver Creek Range allotment. This edit was performed per Jennifer Ferenstein’s request.</procdesc><procdate>07/06/2011</procdate><proctime>00:00</proctime><proccont><cntinfo><cntperp><cntper>Will Pedde</cntper></cntperp></cntinfo></proccont></procstep><procstep><procdesc>The proposed Patrick’s Basin Wilderness Addition/CMA boundary between Renshaw Mountain and Sheep Shed Mountain Creek near (112°48'40.772"W  47°31'0.697"N) was modified to be coincident with the Northern boundary of the Willow Creek Grazing Allotment boundary. This edit was performed per Jennifer Ferenstein’s request.</procdesc><procdate>07/07/2011</procdate><proctime>00:00</proctime><proccont><cntinfo><cntperp><cntper>Will Pedde</cntper></cntperp></cntinfo></proccont></procstep><procstep><proccont><cntinfo><cntperp><cntper>Will Pedde</cntper></cntperp></cntinfo></proccont><procdesc>Acres recalculated after boundary modifications.</procdesc><procdate>7/7/2011</procdate></procstep><procstep><procdesc Sync="TRUE">Dataset copied.</procdesc><srcused Sync="TRUE">\\PCHP90914M0\C\alp\Projects\LegislativeMaps\RockyMtnFront\Data\InternalData\RockyMountainFrontHeritageAct.gdb</srcused><procdate Sync="TRUE">20110712</procdate><proctime Sync="TRUE">12472300</proctime></procstep></lineage></dataqual></metadata>
